words,numbers
name, 1
react, 8
website, 2
description, 1
React, 1
version, 2
private, 1
true, 1
bugs, 1
url, 2
https, 3
github, 3
com, 2
reactjs, 5
org, 3
dependencies, 1
babel, 3
eslint, 12
config, 7
fbjs, 1
plugin, 16
flowtype, 1
jsx, 1
a, 2
y, 1
prettier, 11
relay, 1
flow, 8
bin, 1
gatsby, 27
catch, 1
links, 2
feed, 1
glamor, 2
google, 1
analytics, 1
manifest, 1
netlify, 2
nprogress, 1
helmet, 2
sharp, 2
twitter, 1
remark, 9
code, 1
repls, 1
copy, 1
linked, 1
files, 2
embed, 1
snippet, 1
external, 1
images, 1
prismjs, 2
responsive, 1
iframe, 1
smartypants, 1
source, 5
filesystem, 1
transformer, 2
slugger, 1
hex, 1
rgba, 1
mdast, 1
util, 3
to, 1
string, 2
normalize, 1
css, 1
dom, 1
live, 1
remarkable, 1
request, 1
promise, 1
rimraf, 3
slugify, 1
unist, 2
visit, 1
engines, 1
node, 3
x, 2
yarn, 9
homepage, 1
keywords, 1
license, 1
CC, 1
main, 1
n, 1
repository, 1
type, 1
git, 3
scripts, 2
build, 3
check, 3
all, 4
npm, 3
run, 3
generate, 2
ids, 2
parallel, 2
lint, 3
ci, 1
diff, 2
dev, 2
develop, 1
H, 1
format, 4
prettierrc, 4
write, 2
js, 7
typed, 2
plugins, 2
src, 2
examples, 8
generateHeadingIDs, 1
content, 1
modules, 1
install, 1
frozen, 1
lockfile, 1
nit, 4
list, 2
different, 2
reset, 1
cache, 1
start, 1
devDependencies, 1
preset, 1
lz, 1
recursive, 1
readdir, 1
map, 1
